INDCLIM,INDSINOP,NOMBRE,PROVINCIA,LATITUD,LONGITUD,ALTITUD
1351;08004;ESTACA DE BARES;A CORUÑA;43 47 14 N;07 41 00 W;80
1354C;08005;FERROL-LA GRAÑA;A CORUÑA;43 28 31 N;08 15 37 W;4
1363X;;AS PONTES,A AEROSA;A CORUÑA;43 26 48 N;07 51 36 W;343
1387;08001;A CORUÑA;A CORUÑA;43 22 02 N;08 25 10 W;58
1387E;08002;A CORUÑA/ALVEDRO;A CORUÑA;43 18 25 N;08 22 20 W;98
1390X;;CARBALLO;A CORUÑA;43 12 17 N;08 42 34 W;98
1393;08006;CABO VILAN;A CORUÑA;43 09 38 N;09 12 39 W;50
1399;;VIMIANZO-CASTRELO;A CORUÑA;43 03 29 N;09 02 44 W;287
1400;08040;FISTERRA;A CORUÑA;42 55 35 N;09 17 22 W;230
1406X;;MAZARICOS-A PICOTA;A CORUÑA;42 56 12 N;08 59 30 W;340
1410X;;SOBRADO DOS MONXES;A CORUÑA;43 02 21 N;08 01 14 W;500
1428;08042;SANTIAGO DE COMPOSTELA/LABACOLLA;A CORUÑA;42 53 16 N;08 24 39 W;370
1435C;;NOIA;A CORUÑA;42 48 05 N;08 52 28 W;128
1442U;;BOIRO;A CORUÑA;42 38 42 N;08 53 26 W;10
1473A;08039;PADRÓN;A CORUÑA;42 44 22 N;08 37 39 W;100
1475X;08041;SANTIAGO DE COMPOSTELA;A CORUÑA;42 52 31 N;08 33 01 W;240
1476R;;CASAS DO PORTO;A CORUÑA;42 45 02 N;08 42 47 W;210
1044X;;ARAMAYONA ECHAGÜEN;ÁLAVA;43 03 28 N;02 35 22 W;617
1060X;;AMURRIO (INSTITUTO);ÁLAVA;43 03 05 N;03 00 15 W;240
9060X;;LALASTRA-PARQUE VALDEREJO;ÁLAVA;42 52 35 N;03 13 49 W;910
9073X;;OPAKUA;ÁLAVA;42 49 51 N;02 21 30 W;660
9091O;08080;VITORIA/FORONDA;ÁLAVA;42 52 19 N;02 44 00 W;513
9122I;;LABASTIDA- REMELLURI;ÁLAVA;42 36 13 N;02 46 24 W;610
9145X;;LEZA (DFA2);ÁLAVA;42 34 06 N;02 37 54 W;575
9178X;;SANTA CRUZ DE CAMPEZO (DFA);ÁLAVA;42 40 18 N;02 20 41 W;570
4007Y;;OSSA DE MONTIEL;ALBACETE;38 57 57 N;02 44 42 W;905
4091Y;;VILLARROBLEDO;ALBACETE;39 15 47 N;02 35 29 W;718
4096Y;;MUNERA , SAN BARTOLOMÉ (AUTOMÁTICA);ALBACETE;39 01 00 N;02 29 20 W;918
7066Y;;EMBALSE DE LA FUENSANTA (AUTOMÁTICA);ALBACETE;38 23 35 N;02 13 08 W;680
7067Y;;CAÑADAS DEL NERPIO;ALBACETE;38 04 52 N;02 25 27 W;212
7072Y;;SEGE;ALBACETE;38 17 48 N;02 17 39 W;960
7096B;08355;HELLÍN;ALBACETE;38 30 31 N;01 42 18 W;520
7103Y;;TOBARRA;ALBACETE;38 35 18 N;01 41 17 W;615
8177A;08278;CHINCHILLA/CENAD;ALBACETE;38 56 13 N;01 39 32 W;880
8178D;08279;ALBACETE,OBS.;ALBACETE;39 00 25 N;01 51 39 W;674
8191Y;;LAS ERAS;ALBACETE;39 12 00 N;01 26 03 W;680
8198Y;;ALMANSA;ALBACETE;38 51 07 N;01 05 06 W;715
7244X;;ORIHUELA DESAMPARADOS;ALICANTE;38 04 04 N;00 58 53 W;26
7247X;08357;PINOSO;ALICANTE;38 24 15 N;01 02 15 W;575
7261X;;ROJALES, EL MOLINO;ALICANTE;38 05 22 N;00 42 56 W;31
8008Y;;VILLENA;ALICANTE;38 34 37 N;00 51 56 W;486
8013X;;NOVELDA;ALICANTE;38 23 13 N;00 45 23 W;233
8018X;;ELCHE, ALTABIX;ALICANTE;38 17 19 N;00 40 46 W;110
8019;08360;ALICANTE/EL ALTET;ALICANTE;38 16 58 N;00 34 15 W;43
8025;08359;ALICANTE;ALICANTE;38 22 21 N;00 29 39 W;81
8050X;08370;JÁVEA, AYUNTAMIENTO;ALICANTE;38 47 03 N;00 10 01 E;15
8057C;;PEGO;ALICANTE;38 50 50 N;00 07 05 W;60
8059C;;ALCOY;ALICANTE;38 42 22 N;00 28 47 W;600
5060X;;VÉLEZ BLANCO TOPARES;ALMERÍA;37 51 39 N;02 13 41 W;1190
6277B;08486;ADRA,CLUB NAÚTICO;ALMERÍA;36 44 54 N;03 01 10 W;8
6277X;;ADRA,C.NAUTICO;ALMERÍA;36 44 56 N;03 01 09 W;8
6291B;;EL EJIDO ;ALMERÍA;36 47 00 N;02 45 17 W;98
6293X;08492;ROQUETAS DE MAR, FARO SABINAR;ALMERÍA;36 41 12 N;02 42 06 W;7
6302A;08427;ABLA;ALMERÍA;37 08 30 N;02 46 52 W;885
6307X;;LÁUJAR DE ANDARAX;ALMERÍA;37 01 39 N;02 54 39 W;1510
6325O;08487;ALMERÍA/AEROPUERTO;ALMERÍA;36 50 47 N;02 21 25 W;21
6329X;;CABO DE GATA, FARO;ALMERÍA;36 43 24 N;02 11 30 W;42
6332X;08488;CARBONERAS,C.TÉRM.;ALMERÍA;36 58 01 N;01 54 15 W;40
6340X;;GARRUCHA, PUERTO;ALMERÍA;37 10 48 N;01 48 55 W;12
6364X;;ALBOX;ALMERÍA;37 24 28 N;02 09 01 W;508
6367B;08428;HUERCAL OVERA;ALMERÍA;37 23 26 N;01 56 37 W;300
6381;08490;ALBORÁN,ISLA;ALMERÍA;35 56 18 N;03 02 10 W;15
1179B;;CARREÑA DE CABRALES;ASTURIAS;43 18 43 N;04 51 03 W;458
1183X;08016;LLANES;ASTURIAS;43 25 13 N;04 44 53 W;10
1186P;;AMIEVA, PANIZALES;ASTURIAS;43 16 04 N;05 07 05 W;360
1199X;;BARGAEDO PILOÑA;ASTURIAS;43 22 38 N;05 23 50 W;270
1203D;;COLUNGA;ASTURIAS;43 29 39 N;05 14 45 W;35
1208H;08014;GIJÓN, MUSEL;ASTURIAS;43 33 39 N;05 41 55 W;5
1210X;08012;CABO PEÑAS;ASTURIAS;43 39 20 N;05 50 57 W;100
1212E;08011;ASTURIAS/AVILÉS;ASTURIAS;43 34 01 N;06 02 39 W;127
1221D;08031;PAJARES - VALGRANDE;ASTURIAS;42 58 37 N;05 46 41 W;1480
1223P;;RONZÓN;ASTURIAS;43 08 03 N;05 49 15 W;370
1226X;;CUEVAS DE FELECHOSA;ASTURIAS;43 05 43 N;05 28 37 W;750
1234P;;MIERES-BAÍÑA;ASTURIAS;43 16 28 N;05 49 09 W;172
1249I;08015;OVIEDO;ASTURIAS;43 21 16 N;05 52 22 W;336
1272B;;SOTO DE LA BARCA;ASTURIAS;43 17 25 N;06 23 09 W;285
1276F;;POLA DE SOMIEDO-DEPURADORA;ASTURIAS;43 06 02 N;06 15 19 W;668
1279X;;CAMUÑO;ASTURIAS;43 25 33 N;06 13 44 W;230
1283U;08010;CABO BUSTO;ASTURIAS;43 34 09 N;06 28 12 W;63
1302F;;DEGAÑA, COTO CORTÉS;ASTURIAS;42 57 23 N;06 28 14 W;1305
1309C;;SAN ANTOLIN DE IBIAS-LINARES;ASTURIAS;43 01 37 N;06 53 05 W;762
1327A;;ONETA;ASTURIAS;43 27 57 N;06 40 17 W;374
1331D;08009;FIGUERAS DE CASTROPOL;ASTURIAS;43 32 15 N;07 01 12 W;25
1341B;;OURIA DE TARAMUNDI;ASTURIAS;43 24 56 N;07 03 39 W;335
1542;08052;PUERTO DE LEITARIEGOS;ASTURIAS;42 59 50 N;06 25 07 W;1550
2430Y;;MUÑOTELLO;ÁVILA;40 32 42 N;05 02 34 W;1178
2444;08210;ÁVILA;ÁVILA;40 39 33 N;04 40 48 W;1130
2453E;;GOTARRENDURA ;ÁVILA;40 49 47 N;04 44 26 W;920
2456B;;AREVALO;ÁVILA;41 04 24 N;04 43 43 W;820
2512Y;;RIVILLA DE BARAJAS;ÁVILA;40 53 02 N;05 01 02 W;925
2811A;08206;NAVARREDONDA DE GREDOS;ÁVILA;40 21 02 N;05 08 35 W;1550
2828Y;;BARCO DE AVILA;ÁVILA;40 21 26 N;05 31 04 W;1012
3319D;;PUERTO EL PICO;ÁVILA;40 20 29 N;05 00 41 W;1285
3323D;;NAVALUENGA;ÁVILA;40 24 46 N;04 41 30 W;776
3337U;;CEBREROS;ÁVILA;40 28 08 N;04 27 15 W;850
3391;08208;SOTILLO DE LA ADRADA;ÁVILA;40 17 19 N;04 35 27 W;630
3422D;;CANDELEDA;ÁVILA;40 08 27 N;05 18 36 W;350
4244X;08264;HERRERA DEL DUQUE;BADAJOZ;39 10 14 N;05 03 39 W;447
4260;;PERALEDA DEL ZAUCEJO;BADAJOZ;38 28 54 N;05 34 35 W;542
4325X;;CASTUERA ;BADAJOZ;38 43 22 N;05 32 36 W;512
4340;;NAVALVILLAR DE PELA;BADAJOZ;39 06 19 N;05 27 36 W;308
4358X;08333;DON BENITO;BADAJOZ;38 57 25 N;05 52 45 W;273
4386B;08336;LLERENA;BADAJOZ;38 13 59 N;06 00 57 W;655
4395X;;VILLAFRANCA DE LOS BARROS;BADAJOZ;38 33 11 N;06 18 20 W;430
4410X;08331;MÉRIDA;BADAJOZ;38 55 25 N;06 23 05 W;220
4427X;;ZAFRA;BADAJOZ;38 25 37 N;06 26 07 W;433
4436Y;;ALMENDRALEJO;BADAJOZ;38 41 27 N;06 21 33 W;371
4452;08330;BADAJOZ/TALAVERA LA REAL;BADAJOZ;38 53 00 N;06 49 45 W;185
4464X;;ALBURQUERQUE;BADAJOZ;39 11 00 N;06 59 35 W;283
4468X;;PUEBLA DE OBANDO;BADAJOZ;39 10 40 N;06 35 59 W;392
4478X;;BADAJOZ CMT;BADAJOZ;38 53 16 N;07 00 29 W;175
4486X;;OLIVENZA;BADAJOZ;38 42 01 N;07 04 54 W;93
4489X;;ALCONCHEL;BADAJOZ;38 29 04 N;07 16 44 W;170
4492E;;BARCARROTA;BADAJOZ;38 28 36 N;06 55 17 W;387
4497X;;VILLANUEVA DEL FRESNO;BADAJOZ;38 22 22 N;07 09 28 W;247
4499X;;MONESTERIO;BADAJOZ;38 05 07 N;06 16 36 W;750
4501X;;FUENTE DE CANTOS;BADAJOZ;38 12 36 N;06 18 33 W;602
4511C;08337;JEREZ DE LOS CABALLEROS;BADAJOZ;38 18 00 N;06 45 50 W;381
4520X;;FREGENAL DE LA SIERRA;BADAJOZ;38 10 49 N;06 39 37 W;586
5473X;;AZUAGA;BADAJOZ;38 15 42 N;05 40 50 W;550
0061X;;PONTONS;BARCELONA;41 25 05 N;01 31 13 E;630
0066X;;VILAFRANCA DEL PENEDÈS;BARCELONA;41 19 49 N;01 40 37 E;174
0073X;;SITGES-VALLCARCA;BARCELONA;41 14 44 N;01 51 14 E;54
0076;08181;BARCELONA/AEROPUERTO;BARCELONA;41 17 34 N;02 04 12 E;4
0092X;;BERGA, INSTITUTO;BARCELONA;42 06 05 N;01 51 27 E;690
0106X;;BALSARENY;BARCELONA;41 51 59 N;01 52 21 E;352
0114X;;PRATS DE LLUÇANÈS;BARCELONA;42 00 29 N;02 01 41 E;700
0120X;;MOIÀ;BARCELONA;41 48 51 N;02 05 48 E;735
0149X;08174;MANRESA;BARCELONA;41 43 16 N;01 50 21 E;291
0158X;;MONTSERRAT;BARCELONA;41 35 44 N;01 50 25 E;735
0194D;08179;CORBERA ,PIC D´AGULLES;BARCELONA;41 24 29 N;01 53 05 E;651
0201D;08180;BARCELONA,CMT;BARCELONA;41 23 26 N;02 12 00 E;25
0201X;;BARCELONA, DRASSANES;BARCELONA;41 22 30 N;02 10 26 E;37
0222X;;CALDES DE MONTBUI;BARCELONA;41 36 50 N;02 10 08 E;168
0229I;08192;SABADELL/AERÓDROMO;BARCELONA;41 31 47 N;02 06 03 E;141
0244X;;VILASSAR DE DALT;BARCELONA;41 30 24 N;02 21 49 E;60
0252D;08186;ARENYS DE MAR;BARCELONA;41 35 25 N;02 32 40 E;50
0255B;08188;SANTA SUSANA;BARCELONA;41 39 00 N;02 43 00 E;45
0260X;;FONTMARTINA;BARCELONA;41 45 39 N;02 25 55 E;929
2106B;;CORUÑA DEL CONDE;BURGOS;41 44 48 N;03 22 50 W;945
2117D;08144;ARANDA DE DUERO;BURGOS;41 39 57 N;03 44 34 W;790
2290Y;;PEDROSA DEL PRÍNCIPE;BURGOS;42 15 07 N;04 11 50 W;771
2298;08149;PALACIOS DE LA SIERRA;BURGOS;41 57 39 N;03 07 49 W;1080
2302N;;MONTERRUBIO DE LA DEMANDA;BURGOS;42 08 52 N;03 06 35 W;1190
2311Y;;VILLAMAYOR DE LOS MONTES;BURGOS;42 06 23 N;03 45 59 W;882
9012E;;SANTA GADEA DE ALFOZ;BURGOS;42 57 04 N;03 57 25 W;915
9031C;;BRIVIESCA;BURGOS;42 33 38 N;03 18 28 W;730
9051;08063;MEDINA DE POMAR;BURGOS;42 55 16 N;03 28 51 W;580
9069C;;MIRANDA DE EBRO;BURGOS;42 40 14 N;02 56 35 W;512
9111;08077;BELORADO;BURGOS;42 25 34 N;03 09 27 W;875
3386A;;NAVALVILLAR DE IBOR;CÁCERES;39 35 34 N;05 22 58 W;923
3423I;;MADRIGAL DE LA VERA;CÁCERES;40 09 11 N;05 22 23 W;464
3434X;08254;NAVALMORAL DE LA MATA;CÁCERES;39 56 49 N;05 34 53 W;269
3436D;;GARGANTA DE LA OLLA;CÁCERES;40 06 38 N;05 47 03 W;690
3448X;;SERRADILLA;CÁCERES;39 49 51 N;06 08 26 W;410
3455X;;JARAICEJO;CÁCERES;39 40 22 N;05 48 20 W;510
3463X;08263;TRUJILLO;CÁCERES;39 29 03 N;05 51 19 W;503
3469A;08261;CÁCERES;CÁCERES;39 28 20 N;06 20 22 W;405
3475X;;CAÑAVERAL;CÁCERES;39 47 30 N;06 22 28 W;373
3494U;;NUÑOMORAL;CÁCERES;40 24 33 N;06 14 08 W;475
3503;;GUIJO DE GRANADILLA;CÁCERES;40 11 34 N;06 09 51 W;393
3504X;;HERVAS;CÁCERES;40 15 51 N;05 51 36 W;738
3512X;;MONTEHERMOSO;CÁCERES;40 04 45 N;06 20 13 W;351
3514B;;TORNAVACAS;CÁCERES;40 15 34 N;05 40 37 W;991
3516X;;PIORNAL;CÁCERES;40 06 55 N;05 50 57 W;1175
3519X;08252;PLASENCIA;CÁCERES;40 02 33 N;06 05 05 W;420
3526X;08251;CORIA;CÁCERES;40 00 17 N;06 33 24 W;313
3531X;;TORRECILLA DE LOS ANGELES;CÁCERES;40 15 21 N;06 24 36 W;462
3536X;;HOYOS ;CÁCERES;40 10 34 N;06 43 23 W;569
3540X;;ZARZA LA MAYOR;CÁCERES;39 52 21 N;06 51 30 W;336
3547X;;VALVERDE DE FRESNO;CÁCERES;40 12 02 N;06 53 25 W;498
3562X;;ALISEDA, LA UMBRÍA;CÁCERES;39 25 42 N;06 44 06 W;321
3565X;;BROZAS ;CÁCERES;39 36 47 N;06 46 51 W;411
3576X;08260;VALENCIA DE ALCÁNTARA;CÁCERES;39 24 58 N;07 14 52 W;445
4245X;;GUADALUPE ;CÁCERES;39 27 11 N;05 19 41 W;640
4339X;;CAÑAMERO, EL PINAR;CÁCERES;39 18 56 N;05 22 04 W;590
4347X;;ZORITA;CÁCERES;39 17 03 N;05 42 32 W;413
4411C;;ALCUESCAR;CÁCERES;39 11 52 N;06 13 50 W;460
5906X;;CHIPIONA, ECA;CÁDIZ;36 45 05 N;06 23 57 W;10
5911A;08455;GRAZALEMA;CÁDIZ;36 45 42 N;05 22 10 W;900
5919X;;OLVERA-COOP.AGRÍCOLA;CÁDIZ;36 55 59 N;05 15 29 W;540
5941X;;EL BOSQUE, SAN JOSÉ;CÁDIZ;36 43 50 N;05 30 38 W;295
5950X;;SAN JOSE DEL VALLE-PT GUADALCACÍN;CÁDIZ;36 39 55 N;05 46 55 W;105
5960;08451;JEREZ DE LA FRONTERA/AEROPUERTO;CÁDIZ;36 45 02 N;06 03 21 W;27
5972X;08453;SAN FERNANDO;CÁDIZ;36 27 56 N;06 12 20 W;28
5983X;;MEDINA SIDONIA, EL HUNDIDO ;CÁDIZ;36 24 28 N;05 55 08 W;90
5995B;08457;VEJER DE LA FRONTERA;CÁDIZ;36 14 53 N;05 58 02 W;160
5996B;;BARBATE, DEPURADORA;CÁDIZ;36 11 11 N;05 54 30 W;4
6001;08458;TARIFA;CÁDIZ;36 00 55 N;05 35 51 W;32
6042I;;JIMENA DE LA FRONTERA-EL DORADO;CÁDIZ;36 26 13 N;05 23 36 W;50
6056X;;SAN ROQUE, SOTOGRANDE;CÁDIZ;36 16 27 N;05 16 59 W;1
1083X;08020;ONTON;CANTABRIA;43 21 20 N;03 10 27 W;80
1096X;;TRETO;CANTABRIA;43 23 48 N;03 28 12 W;10
1102D;;SOBA-ALTO MIERA;CANTABRIA;43 11 30 N;03 41 04 W;695
1109;08021;SANTANDER/PARAYAS;CANTABRIA;43 25 45 N;03 49 53 W;5
1111;08023;SANTANDER,CMT;CANTABRIA;43 29 30 N;03 47 59 W;52
1124E;;VILLACARRIEDO - SANTIBAÑEZ;CANTABRIA;43 14 48 N;03 50 52 W;194
1135C;;BÁRCENA MAYOR-TORIZ;CANTABRIA;43 08 55 N;04 12 46 W;455
1154H;;TORRELAVEGA-SIERRAPANDO;CANTABRIA;43 21 02 N;04 01 59 W;100
1159;08017;SAN VICENTE, FARO;CANTABRIA;43 23 40 N;04 23 27 W;39
1167B;;FUENTE DÉ-TELEFÉRICO;CANTABRIA;43 08 44 N;04 48 41 W;1090
1174I;;TAMA;CANTABRIA;43 11 02 N;04 36 02 W;250
1176A;;TRESVISO;CANTABRIA;43 15 20 N;04 40 08 W;912
1740;;ALTAMIRA;CANTABRIA;43 22 44 N;04 07 23 W;150
9001D;08032;NESTARES;CANTABRIA;42 59 38 N;04 09 34 W;875
9016X;;CUBILLO DE EBRO;CANTABRIA;42 48 32 N;04 01 56 W;765
9019B;08033;POLIENTES-CASYC;CANTABRIA;42 48 18 N;03 55 12 W;720
8439X;;SEGORBE, MASIA HOYA;CASTELLÓN;39 47 48 N;00 29 21 W;460
8472A;;ARENOS-PANTANO;CASTELLÓN;40 05 19 N;00 32 44 W;601
8489X;08241;VILLAFRANCA;CASTELLÓN;40 26 06 N;00 15 18 W;1130
8492X;;ATZENETA DEL MAESTRAT;CASTELLÓN;40 13 42 N;00 10 07 W;420
8500A;08286;CASTELLÓN;CASTELLÓN;39 57 00 N;00 04 17 W;35
8503Y;;TORREBLANCA AYUNTAMIENTO (C.AGRARIA LOCAL);CASTELLÓN;40 12 45 N;00 12 05 E;16
8520X;;FREDES;CASTELLÓN;40 41 44 N;00 09 56 E;1174
8523X;08239;VINAROZ;CASTELLÓN;40 33 34 N;00 25 50 E;110
9563X;08237;CASTELLFORT;CASTELLÓN;40 30 15 N;00 11 20 W;1181
5000C;60320;CEUTA;CEUTA;35 53 24 N;05 20 45 W;87
4064Y;;ALCAZAR DE SAN JUAN;CIUDAD REAL;39 23 33 N;03 12 52 W;664
4103X;08276;TOMELLOSO;CIUDAD REAL;39 09 04 N;03 00 37 W;662
4121;08348;CIUDAD REAL;CIUDAD REAL;38 59 22 N;03 55 11 W;628
4138Y;;VILLANUEVA DE LOS INFANTES;CIUDAD REAL;38 44 21 N;03 00 11 W;870
4147X;08351;VALDEPEÑAS;CIUDAD REAL;38 46 15 N;03 23 35 W;700
4148;08345;VISO DEL MARQUÉS;CIUDAD REAL;38 31 06 N;03 33 45 W;778
4210Y;;ABENOJAR ;CIUDAD REAL;38 53 53 N;04 17 31 W;718
4220X;08271;PUEBLA DE DON RODRIGO;CIUDAD REAL;39 05 19 N;04 36 59 W;485
4300Y;;MINAS DE ALMADÉN;CIUDAD REAL;38 46 37 N;04 50 38 W;535
5304Y;;PUERTOLLANO;CIUDAD REAL;38 40 14 N;04 03 29 W;700
5341C;;FUENCALIENTE;CIUDAD REAL;38 25 50 N;04 18 01 W;640
4263X;;VALSEQUILLO;CÓRDOBA;38 24 38 N;05 20 57 W;575
4267X;08335;HINOJOSA DEL DUQUE;CÓRDOBA;38 30 00 N;05 07 45 W;540
5346X;;CARDEÑA, SANTA ELENA ;CÓRDOBA;38 11 12 N;04 16 17 W;720
5361X;;MONTORO,VEGA ARMIJO;CÓRDOBA;38 00 51 N;04 19 44 W;155
5390Y;08346;VILLANUEVA DE CÓRDOBA;CÓRDOBA;38 19 50 N;04 36 57 W;740
5394X;;CORDOBA , EMACSA;CÓRDOBA;38 01 18 N;04 47 43 W;525
5402;08410;CÓRDOBA/AEROPUERTO;CÓRDOBA;37 50 39 N;04 50 46 W;90
5412X;;PRIEGO DE CÓRDOBA, SAN FELIX;CÓRDOBA;37 29 18 N;04 12 14 W;520
5427X;08412;DOÑA MENCIA;CÓRDOBA;37 33 28 N;04 21 15 W;650
5459X;;ESPIEL-C.TÉRMICA;CÓRDOBA;38 06 43 N;04 55 37 W;465
5470;;FUENTE PALMERA-LOS ARROYONES;CÓRDOBA;37 45 16 N;05 05 57 W;120
5598X;;BENAMEJÍ-ALCACHOFARES ALTOS;CÓRDOBA;37 13 58 N;04 32 47 W;465
5624X;;AGUILAR, LAGUNA ZOÑAR;CÓRDOBA;37 28 49 N;04 41 57 W;305
5625X;;LA RAMBLA, PRIVILEGIO;CÓRDOBA;37 38 22 N;04 45 45 W;200
3040Y;;BETETA;CUENCA;40 34 22 N;02 04 31 W;1214
3044X;08230;CAÑIZARES;CUENCA;40 32 00 N;02 09 02 W;940
3094B;08277;TARANCÓN;CUENCA;40 00 41 N;03 01 17 W;808
4051Y;;ALCÁZAR DEL REY;CUENCA;40 03 46 N;02 48 20 W;875
4070Y;;ABIA DE OBISPALIA;CUENCA;40 01 09 N;02 23 44 W;1020
4075Y;;VILLARES DEL SAZ;CUENCA;39 50 30 N;02 30 06 W;897
4089A;;ALBERCA DE ZANCARA;CUENCA;39 31 01 N;02 29 35 W;776
4090Y;08256;SAN CLEMENTE;CUENCA;39 24 20 N;02 25 14 W;728
4093Y;;OSA DE LA VEGA;CUENCA;39 39 22 N;02 45 36 W;763
4095Y;;BELMONTE;CUENCA;39 33 29 N;02 42 16 W;800
8096;08231;CUENCA;CUENCA;40 04 00 N;02 08 17 W;945
8155Y;;MOTILLA DEL PALANCAR;CUENCA;39 33 24 N;01 54 50 W;830
8210Y;;SALVACAÑETE;CUENCA;40 06 39 N;01 30 21 W;1270
8245Y;;MIRA;CUENCA;39 42 56 N;01 26 30 W;800
0281Y;;BLANES,JARDIN BOTANICO;GIRONA;41 40 41 N;02 48 23 E;60
0284X;;CASTELL PLATJA D´ARO;GIRONA;41 48 33 N;03 01 54 E;14
0312X;;SANT PAU DE SEGURIES;GIRONA;42 15 43 N;02 22 06 E;863
0320I;;PLANOLES;GIRONA;42 19 05 N;02 06 14 E;1149
0324A;08118;RIPOLL;GIRONA;42 11 33 N;02 11 51 E;671
0360X;;LES PLANES D´HOSTOLES;GIRONA;42 03 07 N;02 32 35 E;337
0363X;;SANT HILARI;GIRONA;41 52 57 N;02 30 52 E;810
0367;08184;GIRONA/COSTA BRAVA;GIRONA;41 54 42 N;02 45 48 E;143
0370E;;GIRONA-PARC MIGDIA;GIRONA;41 58 24 N;02 49 13 E;79
0385X;;L´ESTARTIT;GIRONA;42 03 14 N;03 12 05 E;1
0394X;;VALL DE BIANYA;GIRONA;42 14 02 N;02 24 43 E;440
0411X;;CASTELLO D´EMPURIES;GIRONA;42 13 23 N;03 05 35 E;4
0421X;;ESPOLLA, LES ALBERES;GIRONA;42 23 26 N;03 00 24 E;94
0429X;;FIGUERES, LES ASPRES;GIRONA;42 15 35 N;02 57 42 E;47
9585;08117;LA MOLINA;GIRONA;42 20 02 N;01 56 15 E;1704
5514;08420;GRANADA/BASE AÉREA;GRANADA;37 08 13 N;03 37 53 W;687
5047E;08424;BAZA, CRUZ ROJA;GRANADA;37 30 25 N;02 44 01 W;801
5051X;08423;HUÉSCAR;GRANADA;37 51 40 N;02 39 10 W;1100
5515X;;GRANADA-CARTUJA;GRANADA;37 11 31 N;03 35 38 W;780
5530E;08419;GRANADA/AEROPUERTO;GRANADA;37 11 23 N;03 47 22 W;567
5582A;08414;LOJA;GRANADA;37 09 50 N;04 10 14 W;580
6258X;;LANJARÓN;GRANADA;36 55 23 N;03 29 33 W;708
6267X;;SALOBREÑA;GRANADA;36 45 00 N;03 34 39 W;20
6268X;08485;MOTRIL,CLUB NAÚTICO;GRANADA;36 43 27 N;03 31 49 W;3
6268Y;;MOTRIL, PUERTO NAÚTICO;GRANADA;36 43 30 N;03 31 41 W;3
6272X;;CASTELL DEL FERRO;GRANADA;36 44 08 N;03 22 43 W;235
6281X;;VÁLOR;GRANADA;37 00 06 N;03 04 18 W;950
3013;08232;MOLINA DE ARAGÓN;GUADALAJARA;40 50 40 N;01 53 07 W;1056
3085Y;;PASTRANA;GUADALAJARA;40 24 33 N;02 57 06 W;965
3103;;PANTANO EL VADO;GUADALAJARA;41 00 02 N;03 17 57 W;980
3130C;08150;SIGÜENZA;GUADALAJARA;41 05 00 N;02 37 59 W;1044
3140Y;;MANDAYONA;GUADALAJARA;40 59 07 N;02 45 25 W;990
3168C;08226;GUADALAJARA;GUADALAJARA;40 39 40 N;03 10 27 W;639
3209Y;;BRIHUEGA;GUADALAJARA;40 45 20 N;02 52 14 W;835
9377Y;;EL PEDREGAL;GUADALAJARA;40 46 44 N;01 34 08 W;1185
1012P;;IRUN-LAPIZE;GUIPÚZCOA;43 19 39 N;01 47 43 W;120
1014;08029;SAN SEBASTIÁN/FUENTERRABIA;GUIPÚZCOA;43 21 38 N;01 47 14 W;4
1021X;;RENTERIA (PRESA DEL AÑARBE);GUIPÚZCOA;43 12 51 N;01 52 40 W;165
1024E;08027;SAN SEBASTIÁN,IGUELDO;GUIPÚZCOA;43 18 27 N;02 02 22 W;251
1025X;;ARRIARAN ;GUIPÚZCOA;43 03 21 N;02 13 51 W;255
1026X;;ORDIZIA-ARETA;GUIPÚZCOA;43 03 33 N;02 10 59 W;290
1036A;;ZARAUTZ-UNTZAIN;GUIPÚZCOA;43 16 50 N;02 10 48 W;60
1037X;;LEGAZPIA;GUIPÚZCOA;43 03 10 N;02 20 08 W;460
1037Y;08037;ZUMARRAGA, URZABALETA;GUIPÚZCOA;43 04 48 N;02 19 04 W;420
1038X;;AZPEITIA-IBAIEDER;GUIPÚZCOA;43 10 26 N;02 15 56 W;180
1041A;08026;ZUMAYA,FARO;GUIPÚZCOA;43 18 08 N;02 15 04 W;28
1048X;;ARETXABALETA-EMBALSE URKULU;GUIPÚZCOA;43 01 32 N;02 27 51 W;308
1049X;;ELGETA-PRESA AIXOLA;GUIPÚZCOA;43 09 46 N;02 30 31 W;318
1050J;08036;ELGOIBAR,IBERDROLA;GUIPÚZCOA;43 12 32 N;02 24 49 W;120
1052A;;MUTRIKU-GALDONAMENDI;GUIPÚZCOA;43 19 05 N;02 23 44 W;150
4527X;;AROCHE , MASERA ;HUELVA;37 58 59 N;06 58 27 W;260
4549Y;08381;AYAMONTE, ISLA CANELA;HUELVA;37 11 45 N;07 23 38 W;2
4554X;;CARTAYA , PEMARES;HUELVA;37 13 09 N;07 04 54 W;15
4560Y;08380;ALAJAR, CABEZO MOLINO;HUELVA;37 52 11 N;06 40 24 W;572
4575X;;VALVERDE CAMINO (CH.GUADIANA AUTOMATICA);HUELVA;37 34 17 N;06 45 07 W;273
4584X;;EL CERRO DE ANDEVALO;HUELVA;37 43 58 N;06 56 26 W;270
4589X;;ALOSNO, THARSIS-MINAS;HUELVA;37 35 57 N;07 07 05 W;276
4608X;;EL CAMPILLO, EL ZUMAJO;HUELVA;37 40 41 N;06 37 41 W;415
4642E;08383;HUELVA;HUELVA;37 16 48 N;06 54 35 W;19
5769X;;CALA;HUELVA;37 58 30 N;06 19 15 W;618
5858X;;ALMONTE, DOÑANA;HUELVA;36 59 24 N;06 26 29 W;5
5860E;08384;EL ARENOSILLO;HUELVA;37 06 10 N;06 44 10 W;41
9198A;08097;CANFRANC;HUESCA;42 44 44 N;00 31 01 W;1160
9201K;08091;JACA;HUESCA;42 34 41 N;00 32 51 W;830
9207;;HECHO;HUESCA;42 44 30 N;00 44 56 W;855
9208E;08095;ARAGÜÉS DEL PUERTO;HUESCA;42 44 20 N;00 39 05 W;1120
9211F;;BAILO,PUYLATO;HUESCA;42 30 56 N;00 49 00 W;722
9453X;;BIESCAS-BUBAL;HUESCA;42 42 01 N;00 19 04 W;1100
9460X;;SABIÑANIGO;HUESCA;42 30 46 N;00 21 20 W;775
9491X;;ALMUDÉVAR;HUESCA;42 01 50 N;00 35 05 W;390
9751;;SOPEIRA;HUESCA;42 19 07 N;00 44 49 E;760
9756X;;BENABARRE;HUESCA;42 06 45 N;00 28 48 E;765
9784P;08103;BIELSA;HUESCA;42 37 35 N;00 13 24 E;990
9808X;;AINSA, LA SERRETA;HUESCA;42 25 18 N;00 08 17 E;610
9814A;08101;TORLA;HUESCA;42 37 36 N;00 06 40 W;1020
9838B;08104;BENASQUE;HUESCA;42 35 54 N;00 31 09 E;1120
9839T;08106;CERLER;HUESCA;42 35 04 N;00 32 33 E;1600
9843A;;SEIRA;HUESCA;42 28 37 N;00 26 03 E;825
9855E;;LAGUARRES;HUESCA;42 12 05 N;00 27 58 E;600
9866C;;BARBASTRO;HUESCA;42 01 17 N;00 08 26 E;305
9894X;08163;SARIÑENA;HUESCA;41 47 29 N;00 09 19 W;275
9894Y;;SARIÑENA, DEPÓSITO AGUA;HUESCA;41 47 57 N;00 09 39 W;302
9898;08094;HUESCA/PIRINEOS;HUESCA;42 05 00 N;00 19 35 W;541
9901X;;HUESCA;HUESCA;42 08 20 N;00 23 42 W;463
9908X;;LANAJA, DGA;HUESCA;41 46 26 N;00 19 59 W;380
9911X;;BALLOBAR, DGA;HUESCA;41 37 10 N;00 11 16 E;178
9918X;08168;TAMARITE DE LITERA;HUESCA;41 46 51 N;00 22 37 E;218
9918Y;;TAMARITE DE LITERA, LA MELUSA;HUESCA;41 46 51 N;00 22 37 E;218
9924X;;FRAGA;HUESCA;41 31 29 N;00 21 20 E;170
B013X;08304;LLUC;ILLES BALEARS;39 49 27 N;02 53 08 E;490
B087X;;BANYALBUFAR;ILLES BALEARS;39 41 21 N;02 30 46 E;60
B158X;;ES CAPDELLÀ- SON VIC NOU;ILLES BALEARS;39 33 11 N;02 27 56 E;35
B228;08301;PALMA DE MALLORCA, CMT;ILLES BALEARS;39 33 12 N;02 37 31 E;3
B236C;;PALMA-UNIVERSITAT;ILLES BALEARS;39 38 24 N;02 38 46 E;80
B248;08303;SIERRA DE ALFABIA;ILLES BALEARS;39 44 11 N;02 42 51 E;1030
B278;08306;PALMA DE MALLORCA/SON SAN JUAN;ILLES BALEARS;39 33 39 N;02 44 12 E;8
B301;08308;LLUCMAJOR-RADAR;ILLES BALEARS;39 22 47 N;02 47 06 E;113
B334X;;LLUCMAJOR II;ILLES BALEARS;39 29 44 N;02 53 30 E;140
B346X;08310;PORRERES;ILLES BALEARS;39 31 11 N;03 01 24 E;120
B362X;;CAMPOS-CAN SION;ILLES BALEARS;39 24 32 N;03 03 51 E;40
B373X;;CAMPOS-SALINES LEVANT;ILLES BALEARS;39 21 07 N;03 00 45 E;3
B434X;08309;PORTO COLOM;ILLES BALEARS;39 24 53 N;03 16 19 E;17
B496X;;SON SERVERA-CAN PEP MONJO;ILLES BALEARS;39 37 49 N;03 23 01 E;28
B526X;;ARTÀ-MOLI D´EN LEU;ILLES BALEARS;39 41 24 N;03 21 08 E;110
B569X;08311;CAPDEPERA,FARO;ILLES BALEARS;39 42 57 N;03 28 39 E;57
B603X;;COLÒNIA SANT PERE-CAN MENGOL;ILLES BALEARS;39 43 22 N;03 16 42 E;100
B605X;;MURO-S´ALBUFERA;ILLES BALEARS;39 47 46 N;03 06 15 E;2
B614E;;MANACOR-POLIESPORTIU;ILLES BALEARS;39 33 28 N;03 13 03 E;100
B644B;;SINEU-POLIESPORTIU;ILLES BALEARS;39 38 35 N;03 00 07 E;120
B662X;;BINISSALEM-SA VINYOTA;ILLES BALEARS;39 40 40 N;02 52 24 E;105
B691Y;08312;SA POBLA SA CANOVA;ILLES BALEARS;39 44 56 N;03 00 59 E;40
B760X;;POLLENÇA-POLIESPORTIU;ILLES BALEARS;39 52 37 N;03 01 27 E;45
B780X;;PORT POLLENÇA-AERODROM;ILLES BALEARS;39 54 34 N;03 06 01 E;2
B825B;;MERCADAL;ILLES BALEARS;39 59 26 N;04 05 11 E;77
B860X;;CIUTADELLA-SON QUIM;ILLES BALEARS;39 59 32 N;03 51 15 E;20
B893;08314;MENORCA/MAÓ;ILLES BALEARS;39 51 17 N;04 12 56 E;91
B908X;;SANT JOAN DE LABRITJA;ILLES BALEARS;39 03 33 N;01 29 38 E;110
B954;08373;IBIZA/ES CODOLA;ILLES BALEARS;38 52 35 N;01 23 04 E;6
5038X;08353;CAZORLA I;JAÉN;37 55 02 N;03 00 09 W;799
5038Y;;CAZORLA II;JAÉN;37 55 04 N;03 00 09 W;799
5165X;;TORRES;JAÉN;37 46 55 N;03 33 43 W;910
5181D;08352;ARROYO DEL OJANCO;JAÉN;38 18 56 N;02 53 24 W;580
5192;08354;VILLARRODRIGO;JAÉN;38 29 08 N;02 38 12 W;872
5210X;;VILLANUEVA DEL ARZOBISPO;JAÉN;38 10 33 N;02 59 48 W;680
5246;08350;SANTA ELENA;JAÉN;38 20 30 N;03 32 17 W;742
5270B;08417;JAÉN;JAÉN;37 46 40 N;03 48 27 W;582
5279X;;LINARES, VOR;JAÉN;38 09 09 N;03 37 41 W;515
5281X;;BAILÉN;JAÉN;38 05 43 N;03 46 52 W;345
5298X;08347;ANDÚJAR;JAÉN;38 01 27 N;04 03 45 W;193
5406X;;ALCALÁ LA REAL CHARILLA ;JAÉN;37 29 57 N;03 54 24 W;915
9115X;;VALDEZCARAY;LA RIOJA;42 15 21 N;02 58 01 W;1630
9121X;;HARO ;LA RIOJA;42 34 31 N;02 51 17 W;465
9136X;;ANGUIANO,VALVANERA;LA RIOJA;42 13 53 N;02 52 19 W;1020
9141V;;NAJERA;LA RIOJA;42 24 54 N;02 43 32 W;500
9145Y;;CENICERO, BODEGAS;LA RIOJA;42 28 58 N;02 38 22 W;429
9170;08084;LOGROÑO/AGONCILLO;LA RIOJA;42 27 08 N;02 19 52 W;353
9173O;08152;CALAHORRA;LA RIOJA;42 19 38 N;01 57 55 W;299
9283Y;;ALFARO, AYUNTAMIENTO;LA RIOJA;42 11 04 N;01 47 23 W;285
C029O;60040;LANZAROTE/AEROPUERTO;LAS PALMAS;28 57 07 N;13 36 01 W;14
C038N;;HARÍA-CEMENTERIO;LAS PALMAS;29 08 37 N;13 29 21 W;277
C048W;;TINAJO-LOS DOLORES;LAS PALMAS;29 02 33 N;13 40 51 W;275
C229X;;PÁJARA-PUERTO MORRO JABLE;LAS PALMAS;28 02 57 N;14 21 29 W;7
C239N;;TUINEJE-PUERTO GRAN TARAJAL;LAS PALMAS;28 12 31 N;14 01 23 W;1
C248E;;ANTIGUA-EL CARBÓN;LAS PALMAS;28 25 00 N;14 01 09 W;252
C249I;60035;FUERTEVENTURA/AEROPUERTO;LAS PALMAS;28 26 41 N;13 51 47 W;25
C258K;;LA OLIVA (CARRETERA DEL COTILLO);LAS PALMAS;28 36 45 N;13 55 55 W;217
C259X;;LA OLIVA-PUERTO DE CORRALEJO;LAS PALMAS;28 44 26 N;13 51 48 W;6
C611E;;SAN MATEO-CORRAL DE LOS JUNCOS;LAS PALMAS;27 58 38 N;15 35 02 W;1702
C612F;;TEJEDA-CRUZ DE TEJEDA;LAS PALMAS;28 00 25 N;15 35 56 W;1514
C619X;;AGAETE-CASCO;LAS PALMAS;28 06 04 N;15 42 46 W;5
C619Y;60027;LA ALDEA DE SAN NICOLAS;LAS PALMAS;28 00 04 N;15 48 27 W;13
C623I;;SAN BARTOLOME TIRAJANA (CUEVAS DEL PINAR);LAS PALMAS;27 55 36 N;15 36 00 W;1220
C625O;;SAN BARTOLOME TIRAJANA-LOMO PEDRO ALFONSO;LAS PALMAS;27 51 25 N;15 38 42 W;806
C628B;;SAN NICOLAS T.-TASARTE/COPARLITA;LAS PALMAS;27 54 32 N;15 46 12 W;318
C629I;;MOGÁN, PUERTO II;LAS PALMAS;27 48 59 N;15 45 51 W;12
C629Q;;MOGAN, PUERTO RICO;LAS PALMAS;27 46 48 N;15 42 40 W;10
C629X;60036;MOGÁN, PUERTO I;LAS PALMAS;27 48 59 N;15 45 51 W;10
C635B;;SAN BARTOLOME TIRAJANA-H.LAS TIRAJANAS;LAS PALMAS;27 55 12 N;15 34 27 W;960
C639U;;SAN BARTOLOME TIRAJANA (EL MATORRAL);LAS PALMAS;27 48 45 N;15 27 12 W;41
C639Y;;SAN BARTOLOME TIRAJANA-C.INSULAR TURISMO;LAS PALMAS;27 45 29 N;15 34 32 W;45
C648C;;AGÜIMES-EL MILANO;LAS PALMAS;27 54 09 N;15 27 14 W;306
C648N;;TELDE-CENTRO FORESTAL DORAMAS;LAS PALMAS;27 59 15 N;15 27 28 W;344
C649I;60030;LAS PALMAS DE GRAN CANARIA/GANDO;LAS PALMAS;27 55 21 N;15 23 22 W;24
C649R;;TELDE-MELENARA;LAS PALMAS;27 59 13 N;15 22 40 W;9
C656V;;TEROR-OSORIO;LAS PALMAS;28 04 31 N;15 32 50 W;683
C658X;;LAS PALMAS G.C.-TAFIRA/ZURBARÁN;LAS PALMAS;28 04 04 N;15 27 12 W;269
C659H;60029;LAS PALMAS G.C.,SAN CRISTÓBAL;LAS PALMAS;28 05 42 N;15 24 51 W;55
C665T;;VALLESECO;LAS PALMAS;28 03 58 N;15 33 57 W;900
C669B;;ARUCAS-BAÑADEROS;LAS PALMAS;28 08 30 N;15 30 25 W;86
C689E;60037;MASPALOMAS;LAS PALMAS;27 44 08 N;15 35 53 W;25
C839X;60045;TEGUISE LA GRACIOSA-HELIPUERTO;LAS PALMAS;29 13 45 N;13 30 37 W;19
1178Y;;SOTO DE VALDEÓN ;LEÓN;43 08 47 N;04 55 49 W;953
1541B;;VILLABLINO;LEÓN;42 55 48 N;06 19 57 W;958
1549;08053;PONFERRADA;LEÓN;42 33 50 N;06 36 00 W;534
1556X;08054;ALMAZCARA;LEÓN;42 35 40 N;06 30 07 W;584
1561I;;VILLAR DE OTERO (LOS TROBOS);LEÓN;42 45 59 N;06 40 23 W;770
2624C;;RIAÑO-ERMITA QUINTANILLA;LEÓN;42 57 33 N;05 00 21 W;1090
2626Y;;SAHECHORES-HELIPUERTO;LEÓN;42 37 22 N;05 11 30 W;916
2630X;08057;PUERTO DE SAN ISIDRO;LEÓN;43 03 48 N;05 22 33 W;1510
2647Y;;SANTA LUCIA ORZONAGA;LEÓN;42 51 24 N;05 36 21 W;1360
2661;08055;LEÓN/VIRGEN DEL CAMINO;LEÓN;42 35 20 N;05 38 58 W;916
2664B;;VALENCIA DE DON JUAN;LEÓN;42 17 52 N;05 30 12 W;788
2701D;;MIÑERA DE LUNA-EMBALSE;LEÓN;42 53 15 N;05 52 14 W;1120
2728B;;VILLAMECA;LEÓN;42 38 59 N;06 04 09 W;995
2734D;;ASTORGA-DEPÓSITO AGUA;LEÓN;42 28 40 N;06 04 23 W;919
2737E;08123;LAGUNAS DE SOMOZA;LEÓN;42 22 00 N;06 10 59 W;1020
2742R;;BUSTILLO DEL PÁRAMO-LAS MATILLAS;LEÓN;42 28 05 N;05 46 41 W;850
9590;;MARTINET;LLEIDA;42 21 44 N;01 41 35 E;1038
9619;08115;LA SEO D'URGELL;LLEIDA;42 21 24 N;01 27 33 E;690
9632X;;JOSA-TUIXEN;LLEIDA;42 13 49 N;01 34 10 E;1190
9638D;;COLL DE NARGÓ;LLEIDA;42 09 16 N;01 18 43 E;603
9647X;;TORÀ;LLEIDA;41 48 21 N;01 23 44 E;435
9650X;;ARTESA DE SEGRE;LLEIDA;41 52 53 N;01 06 31 E;400
9657X;;ESTERRI D´ÀNEU;LLEIDA;42 37 30 N;01 07 34 E;940
9689X;;CABDELLA-CENTRAL;LLEIDA;42 27 59 N;00 59 27 E;1278
9698U;08112;TALARN;LLEIDA;42 12 23 N;00 51 59 E;799
9707;;LLIMIANA;LLEIDA;42 04 01 N;00 54 26 E;515
9720X;08173;TÀRREGA;LLEIDA;41 39 04 N;01 08 45 E;363
9724X;;OS DE BALAGUER;LLEIDA;41 52 24 N;00 45 22 E;515
9729X;;MOLLERUSSA;LLEIDA;41 37 01 N;00 52 00 E;250
9744B;;BARRUERA;LLEIDA;42 30 12 N;00 47 56 E;1092
9771C;08171;LLEIDA;LLEIDA;41 37 33 N;00 35 42 E;192
9775X;;EL SOLERÀS;LLEIDA;41 24 55 N;00 39 57 E;410
9990X;08107;ARTIES;LLEIDA;42 42 03 N;00 52 36 E;1185
9994X;;BOSSÒST-CENTRAL;LLEIDA;42 46 34 N;00 41 23 E;725
1297E;;CERVANTES-BAZAL;LUGO;42 46 10 N;07 00 57 W;1020
1342X;;RIBADEO, VILAFRAMIL;LUGO;43 32 30 N;07 04 53 W;43
1344X;;MONDOÑEDO;LUGO;43 25 56 N;07 21 37 W;125
1347T;;BURELA;LUGO;43 39 06 N;07 21 20 W;80
1505;08008;LUGO/ROZAS;LUGO;43 06 55 N;07 27 22 W;445
1518A;;LUGO-COL.FINGOI;LUGO;42 59 57 N;07 33 05 W;442
1521I;;O PÁRAMO;LUGO;42 50 48 N;07 29 53 W;403
1521X;;BECERREA-PENAMAIOR;LUGO;42 51 54 N;07 11 00 W;1080
1658;;FOLGOSO DO COUREL;LUGO;42 35 22 N;07 11 25 W;612
1679A;;MONFORTE DE LEMOS;LUGO;42 31 58 N;07 30 33 W;291
2462;08215;NAVACERRADA,PUERTO;MADRID;40 46 50 N;04 00 37 W;1894
3100B;08229;ARANJUEZ;MADRID;40 04 02 N;03 32 46 W;540
3104Y;;RASCAFRÍA, EL PAULAR;MADRID;40 53 17 N;03 53 12 W;1159
3110C;08146;BUITRAGO;MADRID;41 00 25 N;03 36 49 W;1026
3111D;08145;SOMOSIERRA;MADRID;41 08 07 N;03 34 29 W;1450
3125Y;;SAN SEBASTIÁN DE LOS REYES;MADRID;40 34 19 N;03 38 01 W;671
3126Y;;EL GOLOSO;MADRID;40 34 01 N;03 42 38 W;740
3129;08221;MADRID/BARAJAS;MADRID;40 28 00 N;03 33 20 W;609
3129A;08221;MADRID,BARAJAS RS;MADRID;40 28 00 N;03 34 37 W;633
3170Y;;ALCALA DE HENARES-ENCÍN;MADRID;40 31 48 N;03 17 18 W;605
3182Y;;ARGANDA DEL REY;MADRID;40 18 49 N;03 29 47 W;533
3191E;08219;COLMENAR VIEJO/FAMET;MADRID;40 41 55 N;03 45 52 W;1004
3194U;08220;MADRID, C. UNIVERSITARIA;MADRID;40 27 10 N;03 43 27 W;664
3194Y;;POZUELO DE ALARCÓN ;MADRID;40 26 12 N;03 48 56 W;690
3195;08222;MADRID,RETIRO;MADRID;40 24 43 N;03 40 41 W;667
3229Y;;TIELMES;MADRID;40 14 56 N;03 18 37 W;594
3266A;08217;ALTO DE LOS LEONES;MADRID;40 42 29 N;04 08 00 W;1532
3268C;;ALPEDRETE;MADRID;40 39 42 N;04 00 58 W;924
3330Y;;ROZAS DE PUERTO REAL;MADRID;40 18 47 N;04 29 14 W;890
3338;08212;ROBLEDO DE CHAVELA;MADRID;40 25 46 N;04 14 46 W;790
3343Y;;VALDEMORILLO;MADRID;40 29 54 N;04 03 35 W;884
6032B;08443;RONDA;MÁLAGA;36 45 10 N;05 10 10 W;765
6032X;;RONDA, IES;MÁLAGA;36 45 02 N;05 09 56 W;760
6040X;;CORTES DE LA FRONTERA;MÁLAGA;36 32 47 N;05 23 05 W;315
6045X;;ALPANDEIRE;MÁLAGA;36 37 57 N;05 12 11 W;676
6050X;;GAUCÍN;MÁLAGA;36 31 01 N;05 18 59 W;545
6057X;;MANILVA;MÁLAGA;36 22 49 N;05 15 31 W;140
6058I;08463;ESTEPONA;MÁLAGA;36 25 00 N;05 09 17 W;15
6069X;;BENAHAVIS, LA ZAGALETA;MÁLAGA;36 32 44 N;05 01 23 W;399
6076X;;MARBELLA, PUERTO BANUS;MÁLAGA;36 29 04 N;04 57 11 W;6
6083X;;MARBELLA, CABOPINO;MÁLAGA;36 29 08 N;04 44 20 W;2
6084X;08480;FUENGIROLA;MÁLAGA;36 32 23 N;04 37 01 W;3
6088X;;TORREMOLINOS;MÁLAGA;36 37 20 N;04 30 48 W;85
6106X;08413;ANTEQUERA-BOBADILLA;MÁLAGA;37 01 50 N;04 45 13 W;400
6127X;;ÁLORA, LAS PELONAS;MÁLAGA;36 51 23 N;04 41 43 W;181
6143X;;COÍN ;MÁLAGA;36 39 42 N;04 45 32 W;219
6156X;08481;MÁLAGA,CMT;MÁLAGA;36 43 09 N;04 28 49 W;60
6172O;08479;MÁLAGA, PUERTO;MÁLAGA;36 43 04 N;04 25 06 W;20
6172X;;MÁLAGA;MÁLAGA;36 43 04 N;04 25 05 W;25
6175X;;RINCON DE LA VICTORIA;MÁLAGA;36 43 03 N;04 17 21 W;7
6199B;;VÉLEZ-MALAGA;MÁLAGA;36 46 39 N;04 05 39 W;69
6201X;;ALGARROBO, LA MAYORA;MÁLAGA;36 46 27 N;04 02 26 W;80
6205X;08484;TORROX,FARO;MÁLAGA;36 43 50 N;03 57 27 W;5
6213X;;NERJA,CUEVAS DE NERJA;MÁLAGA;36 45 51 N;03 50 29 W;169
6375X;;FUENTE DE PIEDRA;MÁLAGA;37 08 02 N;04 44 26 W;423
6000A;60338;MELILLA;MELILLA;35 16 40 N;02 57 19 W;47
7002Y;08432;ÁGUILAS;MURCIA;37 25 02 N;01 35 13 W;26
7012C;08434;CARTAGENA;MURCIA;37 36 08 N;00 59 12 W;17
7023X;;FUENTE ÁLAMO;MURCIA;37 43 40 N;01 09 58 W;140
7026X;;TORRE PACHECO (C.C.A.);MURCIA;37 44 34 N;00 57 56 W;50
7031;08433;MURCIA/SAN JAVIER;MURCIA;37 47 20 N;00 48 12 W;4
7080X;;BENIZAR;MURCIA;38 16 13 N;01 59 06 W;962
7119B;08365;CARAVACA,FUENTES DEL MARQUÉS;MURCIA;38 06 09 N;01 52 38 W;643
7121A;;CALASPARRA;MURCIA;38 14 08 N;01 42 02 W;394
7127X;;BULLAS;MURCIA;38 03 02 N;01 41 38 W;690
7138B;;JUMILLA (C.C.A.);MURCIA;38 28 27 N;01 19 35 W;505
7145D;08363;CIEZA, PARQUE DE BOMBEROS;MURCIA;38 14 08 N;01 22 58 W;265
7158X;;ARCHENA;MURCIA;38 07 45 N;01 18 15 W;183
7172X;;MULA, P. BOMBEROS;MURCIA;38 02 39 N;01 27 06 W;290
7178I;08430;MURCIA;MURCIA;38 00 10 N;01 10 10 W;61
7203A;;ZARZILLA DE RAMOS;MURCIA;37 50 48 N;01 52 05 W;674
7209;08426;LORCA;MURCIA;37 39 12 N;01 41 22 W;320
7211B;;PUERTO LUMBRERAS;MURCIA;37 34 12 N;01 47 44 W;413
7218X;;TOTANA;MURCIA;37 45 47 N;01 30 00 W;15
7227X;;ALHAMA (COMARZA);MURCIA;37 51 42 N;01 20 08 W;157
7237E;;MOLINA DE SEGURA (LOS VALIENTES);MURCIA;38 08 31 N;01 09 24 W;170
7250X;;ABANILLA;MURCIA;38 12 20 N;01 02 34 W;200
7275C;08356;YECLA;MURCIA;38 36 06 N;01 09 34 W;640
1002Y;08030;IRURITA;NAVARRA;43 08 12 N;01 32 30 W;183
1010X;;VERA DE BIDASOA;NAVARRA;43 16 52 N;01 40 31 W;78
1033X;;ARESO, GUEREÑOENEA;NAVARRA;43 05 06 N;01 57 03 W;520
9171K;;LOS ARCOS;NAVARRA;42 34 18 N;02 10 57 W;470
9174;08079;SARTAGUDA;NAVARRA;42 21 58 N;02 03 09 W;310
9218A;08092;ISABA;NAVARRA;42 51 43 N;00 55 35 W;820
9228J;;OROZ-BETELU;NAVARRA;42 53 50 N;01 17 57 W;635
9228T;08088;RONCESVALLES;NAVARRA;43 00 23 N;01 19 21 W;940
9238X;;NAVASCUÉS;NAVARRA;42 43 07 N;01 06 56 W;615
9245X;;CÁSEDA, DEPÓSITO;NAVARRA;42 31 21 N;01 21 54 W;440
9252X;;OLITE;NAVARRA;42 29 25 N;01 39 15 W;390
9257X;;EUGUI;NAVARRA;42 58 14 N;01 31 01 W;615
9262P;;MONREAL;NAVARRA;42 42 09 N;01 29 39 W;585
9263D;08085;PAMPLONA/NOAIN;NAVARRA;42 46 37 N;01 39 00 W;459
9263I;08089;ILUNDAIN;NAVARRA;42 46 37 N;01 31 47 W;572
9274X;;IRURTZUN;NAVARRA;42 55 06 N;01 49 48 W;455
9280B;;LARRAGA;NAVARRA;42 33 02 N;01 51 21 W;375
9283X;08153;CADREITA;NAVARRA;42 12 25 N;01 42 41 W;268
9294E;08087;BARDENAS REALES;NAVARRA;42 11 42 N;01 28 21 W;295
9301X;;MONTEAGUDO;NAVARRA;41 57 36 N;01 41 26 W;410
9302X;08154;TUDELA I;NAVARRA;42 03 23 N;01 36 29 W;295
9302Y;;TUDELA II;NAVARRA;42 03 23 N;01 36 29 W;300
9995Y;;VALCARLOS;NAVARRA;43 05 28 N;01 18 03 W;334
1583X;;O BARCO DE VALDEORRAS;OURENSE;42 25 00 N;06 59 30 W;315
1631E;08051;POBRA DE TRIVES,SAN MAMEDE;OURENSE;42 20 26 N;07 16 50 W;840
1639X;;CHANDREXA DE QUEIXA;OURENSE;42 15 41 N;07 22 54 W;990
1690A;08048;OURENSE;OURENSE;42 19 40 N;07 51 37 W;143
1696O;;BEARIZ;OURENSE;42 28 09 N;08 16 35 W;610
1700X;08047;O CARBALLIÑO;OURENSE;42 25 10 N;08 05 12 W;400
1701X;;RIBADAVIA;OURENSE;42 18 03 N;08 07 38 W;112
1706A;;ALLARIZ-RIMELO;OURENSE;42 11 03 N;07 47 34 W;492
1735X;08050;XINZO DE LIMIA;OURENSE;42 03 40 N;07 43 27 W;600
1738U;;MUIÑOS-PRADO;OURENSE;41 56 07 N;07 59 12 W;730
2969U;;MESÓN EROSA;OURENSE;42 01 41 N;07 10 54 W;900
2978X;;AGUAS DE CABREIROA;OURENSE;41 55 40 N;07 25 14 W;380
2235U;08058;CERVERA DE PISUERGA;PALENCIA;42 52 18 N;04 31 07 W;1140
2243A;;AGUILAR DE CAMPOO;PALENCIA;42 47 53 N;04 16 36 W;910
2276B;;VILLAELES DE VALDAVIA;PALENCIA;42 34 14 N;04 34 25 W;908
2362C;;CAMPORREDONDO DE ALBA, CUEVA DORADA;PALENCIA;42 53 39 N;04 42 42 W;1575
2374X;08068;CARRIÓN DE LOS CONDES;PALENCIA;42 21 07 N;04 36 57 W;830
2400E;08072;PALENCIA-AUTILLA PINO;PALENCIA;41 59 49 N;04 36 05 W;874
2401X;;PALENCIA 'GRANJA VIÑALTA' ;PALENCIA;42 00 38 N;04 33 33 W;736
2568D;;VILLAPUN;PALENCIA;42 31 31 N;04 50 58 W;985
1466A;;SILLEDA;PONTEVEDRA;42 42 06 N;08 15 23 W;422
1468X;;A ESTRADA;PONTEVEDRA;42 41 36 N;08 30 06 W;269
1477V;;VILAGARCÍA DE AROUSA;PONTEVEDRA;42 35 09 N;08 46 23 W;32
1484C;08044;PONTEVEDRA;PONTEVEDRA;42 26 24 N;08 36 59 W;108
1489A;;A LAMA;PONTEVEDRA;42 24 29 N;08 26 57 W;395
1495;08045;VIGO/PEINADOR;PONTEVEDRA;42 14 22 N;08 37 26 W;261
1496X;;VIGO-O CASTRO;PONTEVEDRA;42 13 54 N;08 43 22 W;120
1719;;A CAÑIZA;PONTEVEDRA;42 13 09 N;08 16 45 W;560
1723X;;PONTEAREAS-CANEDO;PONTEVEDRA;42 10 59 N;08 29 27 W;90
1730E;;O ROSAL;PONTEVEDRA;41 56 43 N;08 50 44 W;55
2491C;08205;LA HOYA, LA COBATILLA;SALAMANCA;40 21 19 N;05 41 24 W;1960
2847X;;PEDROSILLO DE LOS AIRES-CASTILLEJO;SALAMANCA;40 40 36 N;05 38 30 W;865
2863C;;PEDRAZA DE ALBA-VALLELARGO;SALAMANCA;40 43 59 N;05 21 54 W;897
2867;08202;SALAMANCA/MATACAN;SALAMANCA;40 57 34 N;05 29 54 W;790
2870;08201;SALAMANCA,OBS.;SALAMANCA;40 57 23 N;05 39 41 W;775
2871D;;SALAMANCA-UNIV.;SALAMANCA;40 57 00 N;05 40 00 W;800
2873X;;BARBADILLO;SALAMANCA;40 54 19 N;05 46 43 W;817
2883R;;LEDESMA-ESTACAS;SALAMANCA;41 12 25 N;06 05 45 W;790
2891A;;VILLARINO DE LOS AIRES;SALAMANCA;41 15 51 N;06 27 38 W;700
2914C;;BOADILLA FUENTE SAN ESTEBAN;SALAMANCA;40 47 13 N;06 12 05 W;785
2916A;08129;VITIGUDINO;SALAMANCA;41 00 46 N;06 26 11 W;769
2918Y;;EL MAILLO (BASE AVIONES);SALAMANCA;40 34 17 N;06 13 20 W;1027
2926B;;BAÑOBÁREZ;SALAMANCA;40 51 08 N;06 36 26 W;748
2930Y;;NAVASFRÍAS;SALAMANCA;40 17 53 N;06 48 39 W;880
2945A;;EL BODÓN-BASE AÉREA;SALAMANCA;40 29 26 N;06 34 14 W;805
2946X;08195;SAELICES EL CHICO;SALAMANCA;40 38 11 N;06 35 55 W;680
2135A;;FRESNO DE CANTIESPINO;SEGOVIA;41 22 24 N;03 30 20 W;993
2140A;;ALDEANUEVA DE SERREZUELA-EL CERRO;SEGOVIA;41 27 59 N;03 47 03 W;1135
2150H;08143;CEREZO DE ARRIBA;SEGOVIA;41 11 35 N;03 28 26 W;1860
2182C;;RADES;SEGOVIA;41 08 05 N;03 47 20 W;1107
2192C;;CUÉLLAR;SEGOVIA;41 23 04 N;04 15 51 W;795
2465;08213;SEGOVIA;SEGOVIA;40 56 52 N;04 07 38 W;1005
2471Y;;SAN RAFAEL;SEGOVIA;40 42 32 N;04 11 07 W;1260
2482B;;MIGUELAÑEZ;SEGOVIA;41 07 38 N;04 22 27 W;870
5612B;08399;RODA DE ANDALUCÍA;SEVILLA;37 11 45 N;04 46 07 W;410
5612X;;LORA DE ESTEPA;SEVILLA;37 16 23 N;04 49 32 W;450
5641X;08395;ÉCIJA;SEVILLA;37 31 00 N;05 05 02 W;130
5654X;;LA PUEBLA DE LOS INFANTES;SEVILLA;37 47 16 N;05 22 12 W;200
5656;;FUENTES DE ANDALUCÍA, EL TRAVIESO;SEVILLA;37 29 53 N;05 25 54 W;165
5702X;;CARMONA, VILLEGAS;SEVILLA;37 34 00 N;05 44 21 W;50
5704B;08392;CAZALLA DE LA SIERRA;SEVILLA;37 55 42 N;05 46 00 W;550
5726X;;GUADALCANAL, CRISTO;SEVILLA;38 06 06 N;05 49 00 W;745
5733X;;ALMADEN PLATA, LAS NAVAS;SEVILLA;37 47 34 N;06 04 27 W;450
5783;08391;SEVILLA/SAN PABLO;SEVILLA;37 25 00 N;05 52 45 W;34
5787E;08389;SEVILLA,CMT;SEVILLA;37 24 04 N;06 00 35 W;11
5790Y;;TABLADA;SEVILLA;37 21 56 N;06 00 15 W;9
5796;08397;MORÓN DE LA FRONTERA;SEVILLA;37 09 30 N;05 36 57 W;87
5835X;;CARRIÓN DE LOS CÉSPEDES;SEVILLA;37 21 41 N;06 19 58 W;76
5891X;;LAS CABEZAS DE SAN JUAN, MAJOLETO ;SEVILLA;36 57 16 N;05 50 41 W;105
5998X;;OSUNA, SEA;SEVILLA;37 14 39 N;05 06 38 W;255
2005X;08078;VINUESA-QUINTANAR;SORIA;41 58 05 N;02 47 00 W;1197
2005Y;;VINUESA;SORIA;41 58 10 N;02 46 53 W;1197
2017Y;;BARRIOMARTÍN-EL ROBLEDO;SORIA;41 59 45 N;02 29 39 W;1260
2030;08148;SORIA;SORIA;41 46 30 N;02 28 59 W;1082
2044B;;LUBIA-CEDER;SORIA;41 36 06 N;02 30 21 W;1100
2048A;;MORÓN DE ALMAZÁN ;SORIA;41 25 10 N;02 25 13 W;978
2059B;;LA RIBA DE ESCALOTE;SORIA;41 21 03 N;02 46 54 W;1042
2092;;BURGO DE OSMA-POZUELOS;SORIA;41 35 26 N;03 05 08 W;932
2096B;;LICERAS-CAÑADA DEHESA;SORIA;41 22 30 N;03 15 06 W;1150
2296A;;ÓLVEGA-CAMINO VEGAFRÍA;SORIA;41 46 36 N;01 58 31 W;1039
9287A;;SAN PEDRO MANRIQUE;SORIA;42 01 39 N;02 13 46 W;1096
9344C;;ARCOS DE JALÓN-COEX;SORIA;41 13 03 N;02 17 30 W;863
9352A;;ALMAZUL;SORIA;41 34 34 N;02 08 16 W;1000
C117A;;PUNTAGORDA;STA. CRUZ DE TENERIFE;28 45 39 N;17 59 08 W;684
C117Z;;TIJARAFE-MIRADOR TIME;STA. CRUZ DE TENERIFE;28 40 29 N;17 56 13 W;733
C126A;;EL PASO-C.F.;STA. CRUZ DE TENERIFE;28 39 14 N;17 51 12 W;844
C129Z;60004;TAZACORTE;STA. CRUZ DE TENERIFE;28 35 37 N;17 54 58 W;30
C139E;60005;LA PALMA/AEROPUERTO;STA. CRUZ DE TENERIFE;28 37 59 N;17 45 18 W;33
C148F;;SAUCES-S.ANDRÉS-BALSA ADEYAHAME;STA. CRUZ DE TENERIFE;28 48 18 N;17 46 57 W;362
C314Z;;VALLEHERMOSO-ALTO IGUALERO;STA. CRUZ DE TENERIFE;28 06 25 N;17 14 57 W;1475
C315P;;VALLEHERMOSO-CHIPUDE C.F.;STA. CRUZ DE TENERIFE;28 06 39 N;17 15 48 W;1242
C317B;;AGULO-JUEGO BOLAS;STA. CRUZ DE TENERIFE;28 10 44 N;17 12 47 W;765
C319W;;VALLEHERMOSO-DAMA;STA. CRUZ DE TENERIFE;28 03 16N;17 18 24 W;190
C328W;;HERMIGUA-DEPÓSITO AYUNTAMIENTO;STA. CRUZ DE TENERIFE;28 09 49 N;17 11 39 W;252
C329Z;60008;SAN SEBASTIÁN DE LA GOMERA;STA. CRUZ DE TENERIFE;28 05 23 N;17 06 41 W;15
C406G;;CAÑADAS PARADOR;STA. CRUZ DE TENERIFE;28 13 27 N;16 37 35 W;2150
C419X;;ADEJE-CALDERA B;STA. CRUZ DE TENERIFE;28 04 53 N;16 42 40 W;130
C428T;;ARICO-DEPURADORA LA DEGOLLADA;STA. CRUZ DE TENERIFE;28 10 52 N;16 29 01 W;418
C429I;60025;TENERIFE/SUR;STA. CRUZ DE TENERIFE;28 02 51 N;16 33 39 W;64
C430E;60010;IZAÑA;STA. CRUZ DE TENERIFE;28 18 32 N;16 29 58 W;2371
C438N;;CANDELARIA-DEPOSITO CUEVECITAS;STA. CRUZ DE TENERIFE;28 21 32 N;16 24 05 W;463
C446G;;LAS MERCEDES-LLANO LOS LOROS;STA. CRUZ DE TENERIFE;28 31 36 N;16 16 50 W;868
C447A;60015;TENERIFE/LOS RODEOS;STA. CRUZ DE TENERIFE;28 28 39 N;16 19 46 W;632
C449B;;STA.CRUZ DE TENERIFE/JARDÍN BOTÁNICO;STA. CRUZ DE TENERIFE;28 27 36 N;16 15 36 W;36
C449C;60020;STA.CRUZ DE TENERIFE;STA. CRUZ DE TENERIFE;28 27 48 N;16 15 19 W;35
C449F;;ANAGA-COL. REP. ARGENTINA;STA. CRUZ DE TENERIFE;28 30 29 N;16 11 44 W;19
C457I;;VICTORIA-DEPÓSITO MARRERO;STA. CRUZ DE TENERIFE;28 26 05 N;16 27 17 W;567
C458A;;TACORONTE-A S.E.A.;STA. CRUZ DE TENERIFE;28 29 47 N;16 25 12 W;310
C459Z;60012;PUERTO DE LA CRUZ;STA. CRUZ DE TENERIFE;28 25 05 N;16 32 53 W;25
C468B;;SAN JUAN RAMBLA-MIRADOR MAZAPÉ;STA. CRUZ DE TENERIFE;28 23 23 N;16 37 47 W;370
C469N;;SILOS-DEPURADORA;STA. CRUZ DE TENERIFE;28 22 43 N;16 49 03 W;28
C916Q;;PINAR-DEPÓSITO;STA. CRUZ DE TENERIFE;27 43 08 N;17 58 41 W;948
C925F;;SAN ANDRÉS-DEPÓSITO CABILDO;STA. CRUZ DE TENERIFE;27 46 07 N;17 57 36 W;1070
C929I;60001;HIERRO/AEROPUERTO;STA. CRUZ DE TENERIFE;27 49 08 N;17 53 20 W;32
C939T;;SABINOSA-BALNEARIO;STA. CRUZ DE TENERIFE;27 45 23 N;18 06 25 W;20
0002I;08169;VANDELLÓS;TARRAGONA;40 57 31 N;00 52 18 E;22
0009X;;ALFORJA;TARRAGONA;41 12 50 N;00 57 48 E;406
0016A;08175;REUS/AEROPUERTO;TARRAGONA;41 08 59 N;01 10 44 E;71
0034X;;VALLS;TARRAGONA;41 17 35 N;01 15 39 E;229
0042Y;;TARRAGONA, FAC. GEOGRAFIA;TARRAGONA;41 07 26 N;01 14 57 E;60
9726E;;LLORAC;TARRAGONA;41 33 26 N;01 18 34 E;660
9946X;;HORTA DE SANT JOAN;TARRAGONA;40 57 11 N;00 18 42 E;500
9947X;;MASSALUCA;TARRAGONA;41 10 38 N;00 21 12 E;365
9961X;;CABACÉS;TARRAGONA;41 14 58 N;00 44 07 E;360
9975X;;RASQUERA;TARRAGONA;41 00 04 N;00 36 06 E;186
9981A;08238;TORTOSA;TARRAGONA;40 49 14 N;00 29 29 E;44
9987P;08240;SANT JAUME;TARRAGONA;40 41 52 N;00 48 50 E;1
8354X;;ALBARRACIN, COMARCAL;TERUEL;40 25 14 N;01 26 25 W;1130
8368U;08235;TERUEL;TERUEL;40 20 59 N;01 07 00 W;900
8376;;JABALOYAS;TERUEL;40 14 16 N;01 24 37 W;1430
8458X;;CEDRILLAS, ANTENAS;TERUEL;40 25 53 N;00 51 00 W;1380
8486X;;MOSQUERUELA, DEPOSITO;TERUEL;40 21 39 N;00 27 51 W;1505
9374X;;SANTA EULALIA DEL CAMPO, COMARCAL;TERUEL;40 34 03 N;01 19 10 W;1000
9381I;08233;CALAMOCHA;TERUEL;40 55 34 N;01 17 36 W;890
9436X;;FONFRÍA 'DGA';TERUEL;40 59 48 N;01 05 13 W;1262
9513X;;MUNIESA, COMARCAL;TERUEL;41 01 56 N;00 48 16 W;800
9531X;08236;MONTALBÁN;TERUEL;40 49 47 N;00 47 30 W;885
9531Y;;MONTALBÁN, DGA;TERUEL;40 49 47 N;00 47 30 W;885
9546B;;HIJAR, DEPÓSITO;TERUEL;41 10 22 N;00 26 26 W;300
9550C;;ANDORRA, HORCALLANA;TERUEL;40 58 30 N;00 24 23 W;762
9561X;;CASTELLOTE, DEPÓSITO;TERUEL;40 47 57 N;00 18 51 W;755
9569A;08166;CALANDA;TERUEL;40 56 27 N;00 14 11 W;459
9573X;08164;ALCAÑIZ;TERUEL;41 03 29 N;00 08 16 W;320
9935X;;VALDERROBRES, COMARCAL;TERUEL;40 52 24 N;00 08 46 E;482
9998X;;BELLO;TERUEL;40 55 17 N;01 29 40 W;1006
3099Y;;OCAÑA;TOLEDO;39 56 12 N;03 29 54 W;733
3245Y;;TEMBLEQUE;TOLEDO;39 41 52 N;03 30 16 W;635
3254Y;;MORA DE TOLEDO;TOLEDO;39 41 02 N;03 46 27 W;717
3260B;08272;TOLEDO;TOLEDO;39 53 05 N;04 02 58 W;515
3298X;08270;SAN PABLO DE LOS MONTES;TOLEDO;39 32 55 N;04 21 07 W;917
3305Y;;NAVAHERMOSA;TOLEDO;39 37 56 N;04 28 32 W;816
3362Y;;CASTILLO BAYUELA;TOLEDO;40 06 42 N;04 40 46 W;583
3365A;08274;TALAVERA DE LA REINA;TOLEDO;39 57 30 N;04 51 49 W;372
3427Y;;OROPESA,DEHESÓN DEL ENCINAR;TOLEDO;39 59 42 N;05 06 47 W;345
4061X;08275;QUINTANAR DE LA ORDEN;TOLEDO;39 35 30 N;03 02 47 W;691
4067;08273;MADRIDEJOS;TOLEDO;39 28 00 N;03 31 50 W;690
4236Y;;PUERTO REY;TOLEDO;39 26 44 N;05 01 16 W;620
8058X;08282;OLIVA;VALENCIA;38 55 37 N;00 05 45 W;5
8072Y;;BARX;VALENCIA;39 01 05 N;00 18 12 W;340
8193E;;JALANCE;VALENCIA;39 12 35 N;01 05 35 W;372
8270X;;BICORP;VALENCIA;39 08 06 N;00 47 20 W;299
8283X;;ONTINYENT;VALENCIA;38 49 51 N;00 36 24 W;350
8290X;;ENGUERA NAVALON;VALENCIA;38 55 21 N;00 52 53 W;740
8293X;08290;XÀTIVA;VALENCIA;38 59 30 N;00 30 37 W;88
8300X;;CARCAIXENT;VALENCIA;39 06 53 N;00 26 42 W;25
8309X;08281;UTIEL, LA CUBERA;VALENCIA;39 34 36 N;01 14 37 W;761
8319X;;BUÑOL;VALENCIA;39 27 07 N;00 51 21 W;585
8325X;08287;POLINYÀ;VALENCIA;39 11 30 N;00 22 17 W;12
8337X;;TURÍS;VALENCIA;39 23 36 N;00 37 24 W;186
8381X;;ADEMUZ;VALENCIA;40 03 40 N;01 16 47 W;710
8395X;;CHELVA;VALENCIA;39 45 33 N;00 59 39 W;546
8409X;;LLIRIA;VALENCIA;39 39 54 N;00 39 09 W;180
8414A;08284;VALENCIA/AEROPUERTO;VALENCIA;39 29 12 N;00 28 24 W;69
8416;08285;VALENCIA;VALENCIA;39 28 50 N;00 21 59 W;11
2166Y;;PEÑAFIEL(FABRICA DE QUESOS);VALLADOLID;41 35 47 N;04 07 06 W;756
2172Y;;SARDÓN DE DUERO;VALLADOLID;41 37 02 N;04 24 37 W;720
2422;08141;VALLADOLID;VALLADOLID;41 39 00 N;04 46 00 W;735
2503B;;OLMEDO, DEPÓSITO AGUA;VALLADOLID;41 16 51 N;04 41 26 W;786
2503X;08142;OLMEDO;VALLADOLID;41 19 40 N;04 41 17 W;740
2507Y;;RUEDA;VALLADOLID;41 25 32 N;04 57 48 W;715
2517A;;FUENTE EL SOL;VALLADOLID;41 10 27 N;04 56 17 W;755
2593D;;VILLALÓN DE CAMPOS;VALLADOLID;42 05 16 N;04 59 38 W;763
2604B;;MEDINA DE RIOSECO;VALLADOLID;41 52 37 N;05 02 20 W;731
1055B;08024;LEKEITIO,FARO;VIZCAYA;43 22 37 N;02 30 40 W;12
1056K;;FORUA-GAITOKA;VIZCAYA;43 20 35 N;02 40 09 W;45
1057B;08022;MACHICHACO,FARO;VIZCAYA;43 27 14 N;02 45 06 W;93
1059X;08059;PUNTA GALEA;VIZCAYA;43 22 30 N;03 01 10 W;90
1064L;;OROZCO- IBARRA;VIZCAYA;43 05 44 N;02 51 37 W;270
1069Y;;URKIOLA (SANTUARIO);VIZCAYA;43 05 58 N;02 38 38 W;747
1074C;;AMOREBIETA-SAN MIGUEL DUDEA;VIZCAYA;43 12 14 N;02 42 16 W;100
1078C;;BALMASEDA-SALINILLAS;VIZCAYA;43 10 54 N;03 12 29 W;210
1078I;08035;GÜEÑES;VIZCAYA;43 12 10 N;03 06 08 W;208
1082;08025;BILBAO/AEROPUERTO;VIZCAYA;43 17 53 N;02 54 21 W;42
2536D;;MORALES DEL TORO-DEPOSITO;ZAMORA;41 32 58 N;05 16 13 W;710
2555B;;FUENTESAUCO;ZAMORA;41 14 12 N;05 28 48 W;811
2611D;;VILLAFÁFILA;ZAMORA;41 51 29 N;05 35 27 W;690
2614;08130;ZAMORA;ZAMORA;41 31 00 N;05 44 01 W;656
2755X;08056;BENAVENTE;ZAMORA;42 00 43 N;05 39 56 W;715
2766E;;EL PUENTE (CASA FORESTAL);ZAMORA;42 04 57 N;06 38 20 W;910
2775X;08125;VILLARDECIERVOS;ZAMORA;41 56 34 N;06 16 41 W;850
2777K;;SANTIBAÑEZ DE VIDRIALES;ZAMORA;42 04 45 N;06 00 20 W;737
2789H;;POZUELO DE TABARA;ZAMORA;41 47 12 N;05 54 26 W;711
2804F;;VILLADEPERA;ZAMORA;41 32 04 N;06 08 25 W;790
2885K;;FRESNO DE SAYAGO;ZAMORA;41 18 20 N;06 01 14 W;804
2966D;;ALCAÑICES-VIVINERA;ZAMORA;41 41 08 N;06 17 57 W;840
9433;;ZARAGOZA/BASE AÉREA;ZARAGOZA;41 40 44 N;01 04 18 W;260
9244X;08090;SOS DEL REY CATÓLICO;ZARAGOZA;42 29 34 N;01 12 52 W;630
9299X;;TARAZONA;ZARAGOZA;41 54 58 N;01 43 20 W;475
9321X;;EJEA DE LOS CABALLEROS;ZARAGOZA;42 07 20 N;01 08 18 W;321
9336D;;CASTEJON DE VALDEJASA;ZARAGOZA;41 59 06 N;00 59 40 W;442
9354X;;ALHAMA DE ARAGON;ZARAGOZA;41 17 39 N;01 53 38 W;703
9390;08157;DAROCA I;ZARAGOZA;41 06 53 N;01 24 39 W;779
9390X;;DAROCA II;ZARAGOZA;41 06 53 N;01 24 39 W;779
9394X;08156;CALATAYUD;ZARAGOZA;41 19 51 N;01 38 49 W;600
9427X;;LA ALMUNIA DE DOÑA GODINA;ZARAGOZA;41 28 56 N;01 22 46 W;370
9443U;08161;ZARAGOZA;ZARAGOZA;41 38 03 N;00 53 45 W;221
9443V;;ZARAGOZA (CANAL);ZARAGOZA;41 38 04 N;00 52 51 W;258
9495Y;;LECIÑENA;ZARAGOZA;41 47 52 N;00 36 57 W;405
9501X;;VALMADRID,DGA;ZARAGOZA;41 26 39 N;00 53 04 W;535
9510X;;QUINTO;ZARAGOZA;41 25 49 N;00 30 09 W;205
9574X;;CASPE, COMARCAL;ZARAGOZA;41 13 53 N;00 02 11 W;190
9576C;08165;BUJARALOZ;ZARAGOZA;41 31 25 N;00 10 24 W;357